<?xml version="1.0" encoding="UTF-8" ?>

<petsForSale>
    <pet>
        <image>../img/pet3.jpeg</image>
        <name>Ana</name>
        <species>Dog</species>
        <breed>Corgi</breed>
        <age>2</age>
        <color>brown</color>
        <price>100</price>
        
    </pet>
    <pet>
        <image>../img/pet2.jpeg</image>
        <name>Bart</name>
        <species>Cat</species>
        <breed>Mix</breed>
        <age>1</age>
        <color>tabby</color>
        <price>200</price>


    </pet>

</petsForSale>
